discount.rate,mean_npd,npd_2.5,npd_97.5,median,mean_npd_wlag,npd_2.5_wlag,npd_97.5_wlag,median_wlag
1.5% Ramsey,2009.7633153577556,2009.7633153577556,2009.7633153577556,2009.7633153577556,2004.6259851623358,2004.6259851623358,2004.6259851623358,2004.6259851623358
2.0% CDR,2071.2077776816204,2071.2077776816204,2071.2077776816204,2071.2077776816204,2079.699715101496,2079.699715101496,2079.699715101496,2079.699715101496
2.0% Ramsey,1824.6635730563137,1824.6635730563137,1824.6635730563137,1824.6635730563137,1777.9568035493955,1777.9568035493955,1777.9568035493955,1777.9568035493955
2.5% Ramsey,1676.8124628468497,1676.8124628468497,1676.8124628468497,1676.8124628468497,1599.3173219829116,1599.3173219829116,1599.3173219829116,1599.3173219829116
3.0% CDR,1796.6796876466028,1796.6796876466028,1796.6796876466028,1796.6796876466028,1742.732652630307,1742.732652630307,1742.732652630307,1742.732652630307
3.0% Ramsey,1554.1420623914785,1554.1420623914785,1554.1420623914785,1554.1420623914785,1452.9775789180494,1452.9775789180494,1452.9775789180494,1452.9775789180494
