discount.rate,mean_npd,mean.npd.cert.eq,npd_2.5,npd_97.5,median,mean_npd_wlag,mean.npd.wlag.cert.eq,npd_2.5_wlag,npd_97.5_wlag,median_wlag
1.5% Ramsey,1969.5669674055464,1969.5669674055464,1969.5669674055464,1969.5669674055464,1969.5669674055464,1966.9486400546082,1966.5910222616471,1966.9486400546082,1966.9486400546082,1966.9486400546082
2.0% CDR,2030.6432149912293,2030.6432149912293,2030.6432149912293,2030.6432149912293,2030.6432149912293,2041.6328726065503,2041.1114555919298,2041.6328726065503,2041.6328726065503,2041.6328726065503
2.0% Ramsey,1786.3584749850068,1786.3584749850068,1786.3584749850068,1786.3584749850068,1786.3584749850068,1742.010374941459,1741.7166540183891,1742.010374941459,1742.010374941459,1742.010374941459
2.5% Ramsey,1640.594462530794,1640.594462530794,1640.594462530794,1640.594462530794,1640.594462530794,1565.5629584939004,1565.3120359226489,1565.5629584939004,1565.5629584939004,1565.5629584939004
3.0% CDR,1759.107938381768,1759.107938381768,1759.107938381768,1759.107938381768,1759.107938381768,1707.5283752882378,1707.1139608340256,1707.5283752882378,1707.5283752882378,1707.5283752882378
3.0% Ramsey,1519.9810254971853,1519.9810254971853,1519.9810254971853,1519.9810254971853,1519.9810254971853,1421.4869959295747,1421.2673315638383,1421.4869959295747,1421.4869959295747,1421.4869959295747
