discount.rate,mean_npd,npd_2.5,npd_97.5,median,mean_npd_wlag,npd_2.5_wlag,npd_97.5_wlag,median_wlag
1.5% Ramsey,2269.2777759764795,2269.2777759764795,2269.2777759764795,2269.2777759764795,2262.4678042637734,2262.4678042637734,2262.4678042637734,2262.4678042637734
2.0% CDR,2332.998379277664,2332.998379277664,2332.998379277664,2332.998379277664,2343.529402708776,2343.529402708776,2343.529402708776,2343.529402708776
2.0% Ramsey,2067.195941557969,2067.195941557969,2067.195941557969,2067.195941557969,2013.2597678139327,2013.2597678139327,2013.2597678139327,2013.2597678139327
2.5% Ramsey,1904.9320187075093,1904.9320187075093,1904.9320187075093,1904.9320187075093,1815.9308910776806,1815.9308910776806,1815.9308910776806,1815.9308910776806
3.0% CDR,2031.6728604813713,2031.6728604813713,2031.6728604813713,2031.6728604813713,1971.655935912939,1971.655935912939,1971.655935912939,1971.655935912939
3.0% Ramsey,1769.701514089762,1769.701514089762,1769.701514089762,1769.701514089762,1653.6331851560603,1653.6331851560603,1653.6331851560603,1653.6331851560603
