discount.rate,mean_npd,mean.npd.cert.eq,npd_2.5,npd_97.5,median,mean_npd_wlag,mean.npd.wlag.cert.eq,npd_2.5_wlag,npd_97.5_wlag,median_wlag
1.5% Ramsey,2590.8590115945995,2584.100687389885,2590.8590115945995,2590.8590115945995,2590.8590115945995,2581.489513385776,2574.7550027890125,2581.489513385776,2581.489513385776,2581.489513385776
2.0% CDR,2670.2227282631634,2663.659282065326,2670.2227282631634,2670.2227282631634,2670.2227282631634,2685.080179339901,2678.567030245903,2685.080179339901,2685.080179339901,2685.080179339901
2.0% Ramsey,2366.4235749420786,2360.180743472004,2366.4235749420786,2366.4235749420786,2366.4235749420786,2302.7281266761147,2296.635739929168,2302.7281266761147,2302.7281266761147,2302.7281266761147
2.5% Ramsey,2185.7444408892025,2179.936433406647,2185.7444408892025,2185.7444408892025,2185.7444408892025,2081.4811959154435,2075.9229710675077,2081.4811959154435,2081.4811959154435,2081.4811959154435
3.0% CDR,2335.4417698966104,2329.672791107597,2335.4417698966104,2335.4417698966104,2335.4417698966104,2269.408675539208,2263.874157653164,2269.408675539208,2269.408675539208,2269.408675539208
3.0% Ramsey,2034.7706627001048,2029.3369685901969,2034.7706627001048,2034.7706627001048,2034.7706627001048,1899.0766915324116,1893.972373324449,1899.0766915324116,1899.0766915324116,1899.0766915324116
