discount.rate,mean_npd,npd_2.5,npd_97.5,median,mean_npd_wlag,npd_2.5_wlag,npd_97.5_wlag,median_wlag
1.5% Ramsey,2584.100687389885,2584.100687389885,2584.100687389885,2584.100687389885,2574.7550027890125,2574.7550027890125,2574.7550027890125,2574.7550027890125
2.0% CDR,2663.659282065326,2663.659282065326,2663.659282065326,2663.659282065326,2678.567030245903,2678.567030245903,2678.567030245903,2678.567030245903
2.0% Ramsey,2360.180743472004,2360.180743472004,2360.180743472004,2360.180743472004,2296.635739929168,2296.635739929168,2296.635739929168,2296.635739929168
2.5% Ramsey,2179.936433406647,2179.936433406647,2179.936433406647,2179.936433406647,2075.9229710675077,2075.9229710675077,2075.9229710675077,2075.9229710675077
3.0% CDR,2329.672791107597,2329.672791107597,2329.672791107597,2329.672791107597,2263.874157653164,2263.874157653164,2263.874157653164,2263.874157653164
3.0% Ramsey,2029.3369685901969,2029.3369685901969,2029.3369685901969,2029.3369685901969,1893.972373324449,1893.972373324449,1893.972373324449,1893.972373324449
