discount.rate,mean_npd,npd_2.5,npd_97.5,median,mean_npd_wlag,npd_2.5_wlag,npd_97.5_wlag,median_wlag
1.5% Ramsey,1964.5829153563316,1964.5829153563316,1964.5829153563316,1964.5829153563316,1959.5439471565815,1959.5439471565815,1959.5439471565815,1959.5439471565815
2.0% CDR,2025.280924425447,2025.280924425447,2025.280924425447,2025.280924425447,2033.7011933544138,2033.7011933544138,2033.7011933544138,2033.7011933544138
2.0% Ramsey,1783.4743129719488,1783.4743129719488,1783.4743129719488,1783.4743129719488,1737.7856058300445,1737.7856058300445,1737.7856058300445,1737.7856058300445
2.5% Ramsey,1638.8523607441393,1638.8523607441393,1638.8523607441393,1638.8523607441393,1563.0651315386224,1563.0651315386224,1563.0651315386224,1563.0651315386224
3.0% CDR,1756.6711371189388,1756.6711371189388,1756.6711371189388,1756.6711371189388,1704.023008123289,1704.023008123289,1704.023008123289,1704.023008123289
3.0% Ramsey,1518.8847685883957,1518.8847685883957,1518.8847685883957,1518.8847685883957,1419.9633354573227,1419.9633354573227,1419.9633354573227,1419.9633354573227
