discount.rate,mean_npd,mean.npd.cert.eq,npd_2.5,npd_97.5,median,mean_npd_wlag,mean.npd.wlag.cert.eq,npd_2.5_wlag,npd_97.5_wlag,median_wlag
1.5% Ramsey,2934.843972109155,2934.843972109155,2934.843972109155,2934.843972109155,2934.843972109155,2930.812705965474,2930.812705965474,2930.812705965474,2930.812705965474,2930.812705965474
2.0% CDR,3069.146469888062,3069.146469888062,3069.146469888062,3069.146469888062,3069.146469888062,3098.9029007391073,3098.9029007391073,3098.9029007391073,3098.9029007391073,3098.9029007391073
2.0% Ramsey,2675.833356332342,2675.833356332342,2675.833356332342,2675.833356332342,2675.833356332342,2606.6468799137374,2606.6468799137374,2606.6468799137374,2606.6468799137374,2606.6468799137374
2.5% Ramsey,2469.3798405387092,2469.3798405387092,2469.3798405387092,2469.3798405387092,2469.3798405387092,2352.0416184960272,2352.0416184960272,2352.0416184960272,2352.0416184960272,2352.0416184960272
3.0% CDR,2690.4369297829144,2690.4369297829144,2690.4369297829144,2690.4369297829144,2690.4369297829144,2623.2808468579815,2623.2808468579815,2623.2808468579815,2623.2808468579815,2623.2808468579815
3.0% Ramsey,2297.9818417472898,2297.9818417472898,2297.9818417472898,2297.9818417472898,2297.9818417472898,2143.620541020731,2143.620541020731,2143.620541020731,2143.620541020731,2143.620541020731
