Model,LocID,discount.rate,mean_npd,npd_2.5,npd_97.5,median,mean_npd_wlag,npd_2.5_wlag,npd_97.5_wlag,median_wlag
MMM,630,1.5% Ramsey,1.005923000965486,0.946658275042234,1.074038406915943,1.0042158667964476,1.004251363755328,0.9448462119889702,1.0724201011045094,1.0024237063538535
MMM,630,2.0% CDR,0.9954515121246179,0.7076445096013981,1.458269399380704,0.976398395652278,0.9910055969727594,0.6495622467308549,1.5719681412122004,0.9631392174348303
MMM,630,2.0% Ramsey,0.9392025171223667,0.8451347959140194,1.038444064038026,0.9381637940715619,0.9201319884737342,0.8143842944055915,1.0322099774631281,0.918866467739409
MMM,630,2.5% Ramsey,0.8823750691065207,0.7583071529734047,1.017744382312468,0.8800482860020333,0.8493581301236233,0.7051110562387299,1.0084714251486888,0.8461402815293413
MMM,630,3.0% CDR,0.8835415107981603,0.6418778106781862,1.2612702708373364,0.8681613738962151,0.8499881376555266,0.5716913262262463,1.3080709310485388,0.8299353917467942
MMM,630,3.0% Ramsey,0.8326579502180993,0.6894529692906126,0.9981412654392883,0.828584689582893,0.788141619414482,0.6215103855035828,0.9792094817735663,0.7818111617461458
