discount.rate,mean_npd,npd_2.5,npd_97.5,mean_npd_wlag,npd_2.5_wlag,npd_97.5_wlag
1.5% Ramsey,2101.1522295557506,2101.1522295557506,2101.1522295557506,2095.73565545597,2095.73565545597,2095.73565545597
