Model,LocID,discount.rate,mean_npd,npd_2.5,npd_97.5,median,mean_npd_wlag,npd_2.5_wlag,npd_97.5_wlag,median_wlag
MMM,703,1.5% Ramsey,0.6909352354956432,0.432513390297539,0.9605000921692348,0.6877108920689601,0.6895383982348892,0.43138079046321437,0.9590771197784933,0.6859793623832984
MMM,703,2.0% CDR,0.7563092974070276,0.3801191021861158,1.395357851028828,0.721311333782121,0.7700667356481949,0.3473036679127649,1.536287830099017,0.7138870752125153
MMM,703,2.0% Ramsey,0.637361355122701,0.39141051769480145,0.9099396049831049,0.6341441604780795,0.6227779705062574,0.37929646380255433,0.8954504022400732,0.6194295177448191
MMM,703,2.5% Ramsey,0.5950632430590033,0.3520245344618469,0.875300381461857,0.5888023188848879,0.5706948816873038,0.3312199772210331,0.8584453031148667,0.56271181912143875
MMM,703,3.0% CDR,0.6645981571564883,0.3458083273145199,1.192417003024425,0.6388533247037707,0.6535282252269564,0.3048928977295763,1.2606270929432768,0.6141776891534256
MMM,703,3.0% Ramsey,0.559645642282909,0.3215432508838151,0.8528808589792707,0.549991803697297,0.5275572025861516,0.29293587367120233,0.8311072911820926,0.5146920000891462
