Model,LocID,discount.rate,mean_npd,npd_2.5,npd_97.5,median,mean_npd_wlag,npd_2.5_wlag,npd_97.5_wlag,median_wlag
MMM,528,1.5% Ramsey,15.606466273589005,11.977003773290777,20.135207975543516,15.510681924166185,15.578947405734766,11.952831240975533,20.091669064362446,15.482300676421136
MMM,528,2.0% CDR,15.222625403754396,9.869386555434563,23.297230000188712,14.564429027068098,15.135737069266915,9.10801652469338,24.565811415934466,14.203179265610835
MMM,528,2.0% Ramsey,14.61300281139602,11.023020569093589,19.231839862395994,14.456314107385111,14.329144066164943,10.740988586617092,18.948481942892517,14.155584027757364
MMM,528,2.5% Ramsey,13.758805552343956,10.10746829080255,18.53872587081063,13.551083370726051,13.268213875655608,9.552755436811893,18.135483640040352,13.050013240360508
MMM,528,3.0% CDR,13.453821024955198,8.916798718424525,20.15636455046487,12.955731121211773,12.92040832141743,7.981566212562554,20.559622971359826,12.243681950425938
MMM,528,3.0% Ramsey,13.005781872380464,9.31781187297474,17.97339387450981,12.749595226363773,12.34361922317625,8.543126084736182,17.517618782734775,12.081764537474264
