Model,LocID,discount.rate,mean_npd,npd_2.5,npd_97.5,median,mean_npd_wlag,npd_2.5_wlag,npd_97.5_wlag,median_wlag
MMM,120,1.5% Ramsey,0.30756558703813164,0.20064494862379068,0.4419446216352741,0.30112389915603965,0.30597018360430783,0.19966937420026984,0.43986739569037164,0.29959893632169554
MMM,120,2.0% CDR,0.3993594004306424,0.16136566706333863,0.9286496864907862,0.34938912145738976,0.4140228192396535,0.15269904619407765,1.031982536047535,0.35215137268796814
MMM,120,2.0% Ramsey,0.2699520358755452,0.17180129491070223,0.40098499487666095,0.26440530171942195,0.261990658269031,0.16553019650184525,0.3921769154883631,0.2571550589074685
MMM,120,2.5% Ramsey,0.24329300461989362,0.14792368407868442,0.37614376914337216,0.23921541258044499,0.23112641652219373,0.13615837467582304,0.3676538601884397,0.22718327654416426
MMM,120,3.0% CDR,0.32895860865875454,0.14079327114459314,0.7356636999564542,0.29345040128973415,0.330080949581079,0.12874524464061593,0.7999023177870812,0.28609047218290456
MMM,120,3.0% Ramsey,0.22271387863294356,0.1282908747318645,0.36224493256580786,0.21753443882353982,0.20751870223310748,0.11347257811412403,0.3527300666550434,0.20180903957429788
