Model,LocID,discount.rate,mean_npd,npd_2.5,npd_97.5,median,mean_npd_wlag,npd_2.5_wlag,npd_97.5_wlag,median_wlag
MMM,414,1.5% Ramsey,1.1906133867560198,0.7392269146259268,1.8200626890983949,1.1627459851812865,1.1866532185027734,0.736076537961165,1.8138837344192007,1.1587860031722168
MMM,414,2.0% CDR,1.1309574802256201,0.4858170447568911,2.3832402302949696,1.0190231887634238,1.1196686867598502,0.4428711697113929,2.496658322722082,0.9875864281296461
MMM,414,2.0% Ramsey,1.09359995235219,0.6447297418602033,1.7247916009517246,1.063307555251838,1.0744948371113427,0.6288952128817655,1.7011135792097454,1.0433378565412925
MMM,414,2.5% Ramsey,1.0107016437165923,0.5539294023219391,1.6512746928723967,0.9739958419217718,0.9797258083387972,0.5277546085648697,1.6264870695463363,0.9391235011449293
MMM,414,3.0% CDR,0.9365190033947172,0.4194963800880119,1.9058593314448435,0.8539509002786927,0.8963754571601038,0.36953294278252274,1.9287665400426588,0.8006218447934077
MMM,414,3.0% Ramsey,0.9378636653800771,0.4785593330188271,1.6030964632261286,0.894974239674861,0.897296065694216,0.44228880049796,1.5693190100997456,0.8526874594379339
