Model,LocID,discount.rate,mean_npd,npd_2.5,npd_97.5,median,mean_npd_wlag,npd_2.5_wlag,npd_97.5_wlag,median_wlag
MMM,446,1.5% Ramsey,1.3358862617955527,0.8641766774803084,1.9445931194523434,1.316383198756116,1.3320661540719254,0.8612144901932637,1.93948753349915,1.3125937104993843
MMM,446,2.0% CDR,1.2733754577512386,0.5959656469574797,2.574462597775112,1.163398299335947,1.2598044498885008,0.5353529156443508,2.7136571701889287,1.128601892668589
MMM,446,2.0% Ramsey,1.2362731369504594,0.7738336027910893,1.8386942397420232,1.2144922692296833,1.2153748228608725,0.7554242535271107,1.816372705674484,1.1930575176965974
MMM,446,2.5% Ramsey,1.1508282772776084,0.6797394842686179,1.7733945311440733,1.1226223255061663,1.1162406671343579,0.6399958564879088,1.7443825034965226,1.0846669224340268
MMM,446,3.0% CDR,1.0748056026556703,0.5252004530356041,2.1019956134181976,0.994859596740379,1.0281364612015564,0.45759710963647515,2.15422599983488,0.9333544738823976
MMM,446,3.0% Ramsey,1.0754948989229434,0.5992693255000995,1.7208488680400844,1.0394313182951256,1.0295961788502404,0.5498927567661421,1.692780696631503,0.9902481865299455
