Model,LocID,discount.rate,mean_npd,npd_2.5,npd_97.5,median,mean_npd_wlag,npd_2.5_wlag,npd_97.5_wlag,median_wlag
MMM,191,1.5% Ramsey,0.9492730413549648,0.6751941357124056,1.3279218909571804,0.9345378276242301,0.9475723002949354,0.6739809326127408,1.3249728840166355,0.9326725954484794
MMM,191,2.0% CDR,0.9921637923464691,0.5581740440369171,1.6431354555808395,0.9611180771420539,1.0022707774493744,0.5053422437816796,1.767078274608388,0.9601909763119302
MMM,191,2.0% Ramsey,0.885557323587197,0.6155039181088869,1.2650924395394922,0.87031736802204,0.8663244597112307,0.5980264246170164,1.2471871555830174,0.8514265466541495
MMM,191,2.5% Ramsey,0.8335830846002692,0.5616368784475494,1.2236434835997683,0.8139653260452486,0.8007993069476794,0.5240997578793771,1.1998664194582345,0.7802249209863437
MMM,191,3.0% CDR,0.8823818193997339,0.5081253606759187,1.4316998147838498,0.8557029093499053,0.8611813097726713,0.44894925044651474,1.4810245325081695,0.8280760503008147
MMM,191,3.0% Ramsey,0.789130385281225,0.5168288868573168,1.1870515037955074,0.7655021151283934,0.7453461162473151,0.46513139523095814,1.1571069722500371,0.7194130899103601
