Model,LocID,discount.rate,mean_npd,npd_2.5,npd_97.5,median,mean_npd_wlag,npd_2.5_wlag,npd_97.5_wlag,median_wlag
MMM,860,1.5% Ramsey,0.636463855889635,0.4012642031924682,1.0070649491905472,0.6195257118804981,0.6340941797962806,0.39971088766383434,1.003114888410387,0.6171532781926469
MMM,860,2.0% CDR,0.8064954096003742,0.2956547231657492,1.7812697533754596,0.7357821090358803,0.8360465903779334,0.2623373686694871,1.977550646948767,0.7506257243024168
MMM,860,2.0% Ramsey,0.5650844176700561,0.34487170362449837,0.8968579914446068,0.551587580389776,0.5499198608226274,0.32896848186084415,0.8813112047015993,0.5368312846203184
MMM,860,2.5% Ramsey,0.5137752910090377,0.29006803983219487,0.8562155505072793,0.4995858390022293,0.4901562536794457,0.26673113209115373,0.8427530281292279,0.475529406160047
MMM,860,3.0% CDR,0.6719045122656985,0.26384128278393054,1.4303426561085224,0.6201272230628422,0.6732002773177527,0.22605635986493977,1.5401569136951283,0.609674227610828
MMM,860,3.0% Ramsey,0.4736033242129771,0.25141301589455184,0.8339643398612069,0.4549148691657934,0.44388072856969696,0.22323149563458317,0.8114745347298329,0.4233522130655451
