Model,LocID,discount.rate,mean_npd,npd_2.5,npd_97.5,median,mean_npd_wlag,npd_2.5_wlag,npd_97.5_wlag,median_wlag
MMM,344,1.5% Ramsey,2.7158505796410575,1.873639083103026,3.763964047377462,2.678174533587609,2.7103292638308636,1.8696033410975978,3.755145627777622,2.673022176591401
MMM,344,2.0% CDR,2.6113680760478757,1.425110460779949,4.438357285351451,2.478852364922626,2.5862781026458306,1.2993507764232197,4.672594672252992,2.415760885050909
MMM,344,2.0% Ramsey,2.541766550073757,1.6870738591662937,3.5657470187126425,2.4954270732511965,2.496445995630385,1.644296124020733,3.5116588470995387,2.4515953779075557
MMM,344,2.5% Ramsey,2.3910009882848917,1.5218549715698204,3.4263662588949835,2.3437854122344066,2.313211655449519,1.4402533759935303,3.3415665750547383,2.2627845764865575
MMM,344,3.0% CDR,2.282490615965388,1.2794444107780145,3.775942601192495,2.1848170377814506,2.1848457911247396,1.1240112912219962,3.8413803012352714,2.059312688556963
MMM,344,3.0% Ramsey,2.257316589990009,1.3856895076535485,3.310182364679463,2.198889393781208,2.152329699180156,1.2854195371687254,3.2210051815689056,2.0922761974119064
