Model,LocID,discount.rate,mean_npd,npd_2.5,npd_97.5,median,mean_npd_wlag,npd_2.5_wlag,npd_97.5_wlag,median_wlag
MMM,250,1.5% Ramsey,23.69811719850551,18.10576455984626,29.94606451314023,23.637732732584148,23.65041196317165,18.070091728605096,29.891565519620215,23.591198922380872
MMM,250,2.0% CDR,23.364738011672195,15.19844625654496,35.81972379600926,22.562743254029456,23.279567264468504,14.0393509746088,38.28918098896072,22.243014841267275
MMM,250,2.0% Ramsey,22.12774636746065,16.591033976138487,28.81938120909193,21.962983465847437,21.68061243606196,16.111413039005487,28.53839593727442,21.471159163140207
MMM,250,2.5% Ramsey,20.795342492988347,15.235463340380058,27.99982115090289,20.496674482650057,20.029278916761683,14.44346183042388,27.40021970791939,19.66331452421216
MMM,250,3.0% CDR,20.62229261174244,13.731046281734184,30.907055063275667,19.99577579368608,19.847394363856505,12.336507606937582,31.59588115004923,19.041163893924406
MMM,250,3.0% Ramsey,19.631734301525412,14.124600982885402,27.16565827931444,19.21639705689271,18.60274479605819,13.039339520480574,26.398572714351438,18.146446581853375
