Model,LocID,discount.rate,mean_npd,npd_2.5,npd_97.5,median,mean_npd_wlag,npd_2.5_wlag,npd_97.5_wlag,median_wlag
MMM,634,1.5% Ramsey,0.6851767003230742,0.449025003661483,1.0014546426339743,0.6710879382875057,0.6816950513587864,0.44693250794255845,0.9967809170321678,0.667676993164354
MMM,634,2.0% CDR,0.6484336100087245,0.2841623590634497,1.3690769249969903,0.5821904009020363,0.6422044042913039,0.25940253015578213,1.449279720020282,0.5658649240343225
MMM,634,2.0% Ramsey,0.6138103400962871,0.38069341571905085,0.9122873255319021,0.6000715654362734,0.6014841803893449,0.36899180632427614,0.8989087597600788,0.5878915331558354
MMM,634,2.5% Ramsey,0.5546221626307628,0.3217837779169929,0.863709476940124,0.538627985015265,0.5357360011898522,0.3050424734802133,0.849507688652158,0.5197912821623003
MMM,634,3.0% CDR,0.5168539664579133,0.23868795808187204,1.034491234093682,0.47148782568279324,0.4951830118211149,0.21261830994657757,1.058695798654769,0.4434888895621564
MMM,634,3.0% Ramsey,0.5041389090520237,0.2779842280303732,0.8271103586013476,0.4859919346418091,0.4802487728265596,0.25801948865328295,0.8101399868865556,0.46083911203976513
