Model,LocID,discount.rate,mean_npd,npd_2.5,npd_97.5,median,mean_npd_wlag,npd_2.5_wlag,npd_97.5_wlag,median_wlag
MMM,112,1.5% Ramsey,0.5804210768776483,0.3045483022822436,0.9899223798132427,0.5535149479813646,0.579315822881909,0.30414145129823295,0.9876458941173671,0.5522393999273265
MMM,112,2.0% CDR,0.6316298467341618,0.23859576901016705,1.518894700498372,0.5544353711427311,0.6436499956953332,0.2144340402289246,1.653681153221048,0.5382244057432601
MMM,112,2.0% Ramsey,0.5458689903132132,0.27835661251159277,0.946448206045251,0.5176197502258545,0.5357948779574583,0.2675285477595462,0.9414175476897211,0.5081591764076727
MMM,112,2.5% Ramsey,0.5189077846517186,0.24960229687568325,0.9408331054360316,0.49250141618000925,0.5021630380461124,0.23022754073009594,0.9410590488904519,0.4759249228400209
MMM,112,3.0% CDR,0.5560481749074621,0.21494235598352687,1.3143237465608426,0.49719676213609154,0.5472080844353606,0.18920542311163713,1.3882706605144646,0.46510025184539083
MMM,112,3.0% Ramsey,0.4961552453179057,0.22735381560810888,0.9376017375570529,0.4711109776789403,0.47402847783834134,0.20485774985658253,0.9412226607681375,0.4448305258016509
