Model,LocID,discount.rate,mean_npd,npd_2.5,npd_97.5,median,mean_npd_wlag,npd_2.5_wlag,npd_97.5_wlag,median_wlag
MMM,140,1.5% Ramsey,0.00844219870696375,0.005473739535614098,0.012560682652353723,0.00828839446957239,0.008406105115241634,0.005448113184348383,0.012509283752982228,0.008253717546811491
MMM,140,2.0% CDR,0.012266602276250663,0.005393119478494458,0.027254329908159618,0.011078542369666742,0.013088175268691745,0.005181542776062427,0.031188992405434345,0.011624181998703173
MMM,140,2.0% Ramsey,0.007351551075861026,0.004581300290906968,0.011223107797446554,0.00715939418027898,0.007094909443939387,0.004351782557460091,0.010920570961378481,0.006913453927211652
MMM,140,2.5% Ramsey,0.006606496629068208,0.003922250194559515,0.01042756255931453,0.006405881699558776,0.0062116231259102105,0.0035885680655504057,0.010010771086029883,0.006017777387313319
MMM,140,3.0% CDR,0.010229483766448527,0.004691908527817971,0.021789955853185064,0.009312914578582687,0.010552206373945761,0.004378973708777667,0.024267091521719904,0.009442987339521626
MMM,140,3.0% Ramsey,0.006044851547935539,0.00348414995183001,0.009922991840908465,0.005831444058309041,0.005554129376413629,0.003075914580168521,0.00938957785219859,0.005360734144724043
