Model,LocID,discount.rate,mean_npd,npd_2.5,npd_97.5,median,mean_npd_wlag,npd_2.5_wlag,npd_97.5_wlag,median_wlag
MMM,410,1.5% Ramsey,19.520123824145248,12.937915629216498,29.136625934387588,19.151933376335435,19.483005519245456,12.902971595463839,29.0902982548424,19.116659700853184
MMM,410,2.0% CDR,18.71007184685855,9.071481265138914,35.51834634725746,17.338623544807565,18.521031452363193,8.356887094247723,37.48049373436237,16.741024023695797
MMM,410,2.0% Ramsey,18.256733063772447,11.560626185424598,27.90156594942658,17.842247152742615,17.958759518672306,11.26526763384853,27.575801348589764,17.505265074207546
MMM,410,2.5% Ramsey,17.15946274799371,10.267072359620133,27.0417667253041,16.652344353251223,16.648628050899518,9.73003176698389,26.602362344506414,16.074585934888386
MMM,410,3.0% CDR,16.15273717855733,8.048525111393612,29.90334396826021,15.09624916710166,15.453104054847673,7.136104993319316,30.394278560277062,14.187762592743036
MMM,410,3.0% Ramsey,16.181201227952734,9.193412850193155,26.354819170972902,15.58241661313862,15.491505530726537,8.46049428929613,25.82480468592398,14.819792832035265
