Model,LocID,discount.rate,mean_npd,npd_2.5,npd_97.5,median,mean_npd_wlag,npd_2.5_wlag,npd_97.5_wlag,median_wlag
MMM,50,1.5% Ramsey,6.327391864749635,4.384665818954109,8.822486458341492,6.281308412811236,6.307079432690626,4.371062519274153,8.797152847298666,6.260798870787905
MMM,50,2.0% CDR,7.442043196421562,3.662423984015481,15.235562339538442,6.778034664552388,7.661735893550427,3.3803148050940304,16.657876763634942,6.8339862595711125
MMM,50,2.0% Ramsey,5.679017657845123,3.757386543530994,8.00796810572865,5.606985578746028,5.5309528897612585,3.610393958166827,7.844264127947178,5.456273002300197
MMM,50,2.5% Ramsey,5.1967934532160465,3.2498094833856492,7.642864374540221,5.11508619011984,4.961058596368047,3.020561458276281,7.524004986473426,4.871513778629895
MMM,50,3.0% CDR,6.270049561187345,3.2372032250940372,12.456341723420662,5.775690058697413,6.23270513171707,2.8930354483592535,13.181040051076115,5.613788790519994
MMM,50,3.0% Ramsey,4.810866085837295,2.8846847920411443,7.473474840625535,4.7144632671420865,4.510127274873418,2.5918681936092907,7.320361318041818,4.4076122877785195
