Model,LocID,discount.rate,mean_npd,npd_2.5,npd_97.5,median,mean_npd_wlag,npd_2.5_wlag,npd_97.5_wlag,median_wlag
MMM,156,1.5% Ramsey,506.6369547420601,349.9363440790204,701.3922692960105,501.3252723413155,505.5552834728798,348.92227996350107,699.7447512744909,500.14560093796325
MMM,156,2.0% CDR,520.7871969731066,247.31494993543384,963.0738207338835,488.8494812342059,522.5691701957562,225.2625361563881,1026.1787456198826,487.6952987899903
MMM,156,2.0% Ramsey,467.08522404612575,316.66496738046334,641.8586176822394,460.94779667875355,457.55023178858465,306.76360070972567,630.5673110260008,451.6953801750559
MMM,156,2.5% Ramsey,434.85076304855147,285.52240521479047,608.510221714205,427.45119425304324,418.873455422968,269.90812447437673,592.615101458139,411.58174041977486
MMM,156,3.0% CDR,449.8326675927952,221.0334531023998,813.7402257553194,422.89498742772116,435.9975249482634,194.53279216718846,834.9634051252336,406.86095342472686
MMM,156,3.0% Ramsey,407.3790942984659,260.01327310672815,581.4851473102664,398.6891568416062,386.257821013028,236.71565561031377,567.3850082297763,377.15405856291363
