Model,LocID,discount.rate,mean_npd,npd_2.5,npd_97.5,median,mean_npd_wlag,npd_2.5_wlag,npd_97.5_wlag,median_wlag
MMM,688,1.5% Ramsey,1.2891791057437776,0.8259803925233744,1.951092796580187,1.2549320580655046,1.286692493574644,0.8253241190571292,1.9481863035435627,1.2529155980034057
MMM,688,2.0% CDR,1.4336830367913886,0.6914126620842235,2.6986420493082806,1.3456665392460319,1.4698871526889756,0.618111640540211,2.982183106859753,1.3597136025290144
MMM,688,2.0% Ramsey,1.1987025179271815,0.7403742263273054,1.845049329545524,1.1550337203536891,1.1711670035234738,0.7139555141714726,1.8174349592155827,1.1256970610875778
MMM,688,2.5% Ramsey,1.128283327257595,0.6658026829966166,1.7886473776283889,1.076106034297895,1.0822447664133217,0.6187087239044216,1.7639157847396032,1.031185646026541
MMM,688,3.0% CDR,1.2734340907102712,0.6337216230642698,2.3548454842871163,1.1988393349540925,1.2614380930389626,0.5493124431962747,2.5155214661122165,1.1737013242545578
MMM,688,3.0% Ramsey,1.0696390722137952,0.6097485297386148,1.7681307706288325,1.0165139943825174,1.0089529194302689,0.54833513575803,1.7449451823776585,0.9537630316446293
