Model,LocID,discount.rate,mean_npd,npd_2.5,npd_97.5,median,mean_npd_wlag,npd_2.5_wlag,npd_97.5_wlag,median_wlag
MMM,434,1.5% Ramsey,0.7099577071241167,0.5093935984592027,0.9585897900112421,0.7041843791342,0.7075944722825535,0.5071021382410497,0.9559377917580785,0.702041947599674
MMM,434,2.0% CDR,0.76588115712284,0.41986449611661675,1.4795538906403627,0.7117876485101248,0.7744935805813421,0.38630688633851995,1.6037799711174383,0.7067264378984663
MMM,434,2.0% Ramsey,0.6402746442778128,0.43657908729054534,0.879972140478193,0.6331262617231628,0.6252770169135967,0.42189993260055986,0.8645390819957751,0.6175966940425035
MMM,434,2.5% Ramsey,0.5858175625678119,0.3822120179831841,0.8338227401941158,0.577377556994789,0.5616740560390887,0.3567034870404754,0.8167351316849799,0.5519862137011975
MMM,434,3.0% CDR,0.6451543949188524,0.3681033350574149,1.1917047355968806,0.6065759069202605,0.6304343184483681,0.3319579924491923,1.2456939363767294,0.5833477854280104
MMM,434,3.0% Ramsey,0.5409577095287973,0.33880485947738276,0.7967362849560329,0.5303748425197392,0.5098154549639807,0.3053764383327207,0.7782608773286891,0.4980670750544426
