Model,LocID,discount.rate,mean_npd,npd_2.5,npd_97.5,median,mean_npd_wlag,npd_2.5_wlag,npd_97.5_wlag,median_wlag
MMM,158,1.5% Ramsey,11.727861067532162,7.8877592707533575,16.785882584492363,11.629891009195433,11.705431265324195,7.8713686761700306,16.754780767163,11.602812893053953
MMM,158,2.0% CDR,11.220235010511939,5.870969447117365,20.486280814586394,10.355464802743679,11.098211164896947,5.318179149106804,21.66182822961027,9.99808571999422
MMM,158,2.0% Ramsey,11.006885415009632,7.12980659974106,15.85207811822338,10.844374444641193,10.828257118423108,6.950323073971761,15.663561744726067,10.668935059812167
MMM,158,2.5% Ramsey,10.377358994477136,6.446023925307694,15.281238452869726,10.192132211075792,10.070000355219042,6.125982478127654,15.180739009451633,9.844579225010467
MMM,158,3.0% CDR,9.768281764709986,5.290993571579164,17.54556518968149,9.132276633994929,9.337909510886272,4.649747960603094,17.856019363419023,8.511009988317578
MMM,158,3.0% Ramsey,9.814120997683235,5.803461523789815,15.084800473397102,9.572674676097751,9.397616836828727,5.390763409724084,14.94391736135385,9.131110021452415
