Model,LocID,discount.rate,mean_npd,npd_2.5,npd_97.5,median,mean_npd_wlag,npd_2.5_wlag,npd_97.5_wlag,median_wlag
MMM,450,1.5% Ramsey,0.1919775530500173,0.12777228960012238,0.27461768551558513,0.18907326475002287,0.19107134534402223,0.12717028794615562,0.2730989945828757,0.18816245828972106
MMM,450,2.0% CDR,0.25061298985690517,0.11770172988993349,0.5061811229441235,0.22992651685738413,0.2623390427412737,0.11018032723853623,0.5641441417182819,0.23593569222670546
MMM,450,2.0% Ramsey,0.16926736841596335,0.10945518837348933,0.24937654728735453,0.1660536836492753,0.1639055547250295,0.10434933340380785,0.24330543059406987,0.16093603367868758
MMM,450,2.5% Ramsey,0.1531557983177075,0.09530808494175014,0.23187637833722036,0.15023468583093513,0.1448608202546399,0.08759861797284688,0.22280831736197002,0.14200611754197923
MMM,450,3.0% CDR,0.20935138001025239,0.10327916896631807,0.404126158630435,0.19392252317563322,0.21185045666883162,0.09482114263393225,0.4372895184693553,0.19296184545413572
MMM,450,3.0% Ramsey,0.140697209779302,0.08501348383802877,0.21850193755957925,0.13750104401354302,0.13029566271567533,0.07555559793927101,0.20739174840502264,0.12708373487629124
