Model,LocID,discount.rate,mean_npd,npd_2.5,npd_97.5,median,mean_npd_wlag,npd_2.5_wlag,npd_97.5_wlag,median_wlag
MMM,608,1.5% Ramsey,4.9582256188357015,3.4725109215475807,6.821791383175134,4.911521723330124,4.942473163093531,3.4625125477557392,6.804155157403871,4.89541599489163
MMM,608,2.0% CDR,5.530125985047492,2.9542752474215743,10.324849651986122,5.087919515151038,5.647386575935054,2.7764222981819526,11.253259198836552,5.097585450307111
MMM,608,2.0% Ramsey,4.4802042403961195,3.0724123926702935,6.337173274409415,4.42637269099728,4.3671733961343815,2.957597159352947,6.233369343286332,4.29986847333155
MMM,608,2.5% Ramsey,4.112937932439383,2.7175021897959675,6.050913056712631,4.030884126468589,3.930766512330162,2.5358037206622694,5.922679276344881,3.829951473430972
MMM,608,3.0% CDR,4.6990102196178425,2.5965200864700684,8.553548519300511,4.361166393636511,4.633890973992005,2.3725304945358934,8.948191155390852,4.230098426028009
MMM,608,3.0% Ramsey,3.812980013220362,2.4235430062765864,5.789261103777572,3.7108576326465963,3.5783957933935446,2.1982750373588016,5.634807705303199,3.452567922942195
