Model,LocID,discount.rate,mean_npd,npd_2.5,npd_97.5,median,mean_npd_wlag,npd_2.5_wlag,npd_97.5_wlag,median_wlag
MMM,231,1.5% Ramsey,0.63894243471515,0.4203630943561902,0.9482249913245768,0.6225669737061743,0.6356403152700921,0.418202993839983,0.9425314169112742,0.6193614838677839
MMM,231,2.0% CDR,0.8327326231942513,0.3699354281448495,1.8285234319340666,0.7302219347772037,0.8671495490015926,0.35020753172804964,2.035449959124083,0.744243613260245
MMM,231,2.0% Ramsey,0.5638627323420847,0.3582354853107137,0.8531819826163437,0.5461046404709362,0.5467463101682102,0.34341664276202255,0.8358058296047969,0.5298407750104261
MMM,231,2.5% Ramsey,0.5109787466946144,0.31138544508478105,0.8013558175482536,0.49275896127456453,0.4847014307191938,0.28755609797590864,0.7730437255790222,0.4674282836459404
MMM,231,3.0% CDR,0.6909214077306525,0.32284754541903193,1.4417416456168624,0.6162345546453277,0.6961707472271551,0.2960643452245132,1.5761841623611996,0.6073500435017573
MMM,231,3.0% Ramsey,0.47026502011598387,0.27664925174344557,0.75125830633634,0.4516016326020247,0.4373440143571741,0.24517537301630124,0.72166395198366,0.41828603028428457
