Model,LocID,discount.rate,mean_npd,npd_2.5,npd_97.5,median,mean_npd_wlag,npd_2.5_wlag,npd_97.5_wlag,median_wlag
MMM,862,1.5% Ramsey,2.213348254228282,1.5170288545200479,3.120597840378198,2.1622992398987266,2.207858086244052,1.5154417796193964,3.1097182896667532,2.156677509941378
MMM,862,2.0% CDR,2.417303165002325,1.16579734411581,4.861478623032228,2.2533363793942582,2.4590454825679933,1.0540381176168412,5.327302338412651,2.2582137435506544
MMM,862,2.0% Ramsey,2.033517011260983,1.3332456515336348,2.929372559593025,1.9878874608312422,1.9867831370214974,1.286099239115081,2.900732361783206,1.9394475310878057
MMM,862,2.5% Ramsey,1.8924401558660768,1.177817324908758,2.8549433343158395,1.843935323570678,1.8154473009448497,1.1073057269600706,2.810559368349952,1.7629240740322318
MMM,862,3.0% CDR,2.097914438082063,1.0516215884343907,4.058931196360113,1.9660800350739538,2.0612668032501293,0.917842031580252,4.4062041246496175,1.9040003469809852
MMM,862,3.0% Ramsey,1.7749305749609572,1.063311516112928,2.7852816848364093,1.7264314270615837,1.6743210526686396,0.9705154078674981,2.731265994943019,1.6198119562523747
