Model,LocID,discount.rate,mean_npd,npd_2.5,npd_97.5,median,mean_npd_wlag,npd_2.5_wlag,npd_97.5_wlag,median_wlag
MMM,4,1.5% Ramsey,0.6212510790496687,0.3413652203943446,1.0307616251511258,0.6002125484055552,0.6176173873045687,0.33892589454192695,1.0250260054023133,0.5966081758375712
MMM,4,2.0% CDR,0.9121763671042774,0.3170572370739039,2.17238589223309,0.7855959482928844,0.9585651967962727,0.30003139050232863,2.3984848030894104,0.8094114836550426
MMM,4,2.0% Ramsey,0.5360490620449249,0.2777541287446907,0.9379689196502248,0.5153283038017197,0.5188155706594215,0.2636751740373245,0.9216025448918429,0.4986594572963833
MMM,4,2.5% Ramsey,0.47904490267298677,0.23374759009231863,0.8909390418380457,0.4561619869152237,0.45340490887372104,0.21543189731638093,0.8624023074511976,0.4304913035357293
MMM,4,3.0% CDR,0.7316253808682319,0.2745759499054634,1.6587955080577785,0.6393565050943641,0.7446317188321014,0.2490504382494097,1.778238396727773,0.6389164239466885
MMM,4,3.0% Ramsey,0.43669684365786965,0.20473554271595548,0.8603619652523159,0.41144023315145994,0.40528095013904575,0.18071983170789235,0.8277332360714961,0.37835840386785924
