Model,LocID,discount.rate,mean_npd,npd_2.5,npd_97.5,median,mean_npd_wlag,npd_2.5_wlag,npd_97.5_wlag,median_wlag
MMM,422,1.5% Ramsey,0.910124498155557,0.6113529711358785,1.2685326642371517,0.8961823478556115,0.9065559081579739,0.6080026637223948,1.2636096851578091,0.8928959197191965
MMM,422,2.0% CDR,1.0707298803573015,0.4933381235115643,2.247646215532694,0.9770448961830949,1.0988910955215432,0.44908826482340924,2.425293948783876,0.9829089070174907
MMM,422,2.0% Ramsey,0.8145764155197792,0.5241840363544199,1.17298976114998,0.8038701469058318,0.79299847055581,0.5036435290115766,1.148041991115749,0.7824116854149805
MMM,422,2.5% Ramsey,0.7435752243473477,0.4590948856228701,1.110582061665815,0.7311318075541837,0.7095233647315088,0.42496944075227305,1.0808611412175921,0.6942059586241814
MMM,422,3.0% CDR,0.8992501830901817,0.43560595885412595,1.8361100448270975,0.8290521903602341,0.8924001670922114,0.3854471785675096,1.932969492205024,0.8102004239562159
MMM,422,3.0% Ramsey,0.6868936644454777,0.41017165612452894,1.0631650748326378,0.6687165229231885,0.6435509107318907,0.36490056555191624,1.0255433857288,0.6233141293805599
