Model,LocID,discount.rate,mean_npd,npd_2.5,npd_97.5,median,mean_npd_wlag,npd_2.5_wlag,npd_97.5_wlag,median_wlag
MMM,624,1.5% Ramsey,0.02097122306984912,0.013539817060817465,0.03061393210344738,0.02059395773077808,0.020878393017635433,0.01347931481379827,0.030444270229454548,0.020500275112137336
MMM,624,2.0% CDR,0.02605328962494018,0.01192548252612101,0.053136368293399565,0.023625893653474388,0.026997268165971908,0.011050578381504004,0.058290727159376006,0.02393419654659997
MMM,624,2.0% Ramsey,0.01865715024136911,0.011726049533524711,0.027903559722561685,0.01822293711784067,0.018121283207767975,0.011250598289512012,0.027357959995947808,0.01768296805838669
MMM,624,2.5% Ramsey,0.01698530558744427,0.010295379147035662,0.026299941834674948,0.01649880481860106,0.01615069392252799,0.009544196387185894,0.025458879417761003,0.015686240277017077
MMM,624,3.0% CDR,0.021829787941556277,0.010587867815786252,0.042595891464184236,0.020129032197556376,0.02186437562639746,0.009539016631712477,0.04542087353259454,0.019661633515781016
MMM,624,3.0% Ramsey,0.015674473242832065,0.0091691680076107,0.02497290986277214,0.015159055261284703,0.014620853952801098,0.008162581880528562,0.02387588080121354,0.014091325692634445
