Model,LocID,discount.rate,mean_npd,npd_2.5,npd_97.5,median,mean_npd_wlag,npd_2.5_wlag,npd_97.5_wlag,median_wlag
MMM,752,1.5% Ramsey,5.029307578929905,3.9208260735946783,6.259016528836894,5.009586717998383,5.018895604777712,3.910313281890569,6.2420475804758055,4.998704979898795
MMM,752,2.0% CDR,4.937154546747496,3.2919369339163387,7.442371966386566,4.7784465042355,4.909115510398883,3.015954444484291,7.925497911934758,4.705081136199016
MMM,752,2.0% Ramsey,4.693840265639311,3.5733813178837552,5.848796618990586,4.683050058302957,4.598506389271048,3.4597921236336044,5.753005279995651,4.586920827619386
MMM,752,2.5% Ramsey,4.408220759148074,3.2547040992238827,5.580665433474221,4.401149229832965,4.24462493249507,3.0645041216525777,5.475446790723358,4.237133122732534
MMM,752,3.0% CDR,4.364627604851942,2.9859545289563334,6.405662934466644,4.236319520154169,4.193352415027301,2.654554420514439,6.56657241565493,4.044864577745207
MMM,752,3.0% Ramsey,4.1585994078503665,2.996450774164403,5.395915006978525,4.156750881603163,3.9385814885424737,2.7402157069585957,5.253086648763882,3.930128330055296
