Model,LocID,discount.rate,mean_npd,npd_2.5,npd_97.5,median,mean_npd_wlag,npd_2.5_wlag,npd_97.5_wlag,median_wlag
MMM,233,1.5% Ramsey,0.16582553449835927,0.1301682127333552,0.20768199983900507,0.16510260486838418,0.16549529687902992,0.12989489519465922,0.2072876437748834,0.16479635691631836
MMM,233,2.0% CDR,0.16579887255591583,0.11182180942565856,0.24994684172533327,0.16133124692589723,0.16551916043765957,0.10406399275496829,0.26743040238680016,0.15977624772293023
MMM,233,2.0% Ramsey,0.1546361369465656,0.11862598111135152,0.19624116554257462,0.15390589337622232,0.1513480681418984,0.11484051933778396,0.1930228959273105,0.1504883699571461
MMM,233,2.5% Ramsey,0.1452340040467662,0.10875749249438942,0.18738264397300824,0.14405872666731273,0.13959851808409832,0.10270566404714349,0.18279725535388608,0.13802671939498384
MMM,233,3.0% CDR,0.14722315726048107,0.10095677263593206,0.2156419231316512,0.14392972169450297,0.14195794802298473,0.09129819109679722,0.22179976021915804,0.1378483615755151
MMM,233,3.0% Ramsey,0.13708151280675682,0.10103171254092412,0.180679160002141,0.1355557849486507,0.12951978184523014,0.09305739594277582,0.175301722846479,0.12757309403044798
