Model,LocID,discount.rate,mean_npd,npd_2.5,npd_97.5,median,mean_npd_wlag,npd_2.5_wlag,npd_97.5_wlag,median_wlag
MMM,32,1.5% Ramsey,5.492622627244763,4.1289942682175,7.168997085561435,5.454665614732505,5.477371467705908,4.119847851289885,7.152655356627394,5.439574282553993
MMM,32,2.0% CDR,5.861691465861227,3.4276627872876655,9.885277769850187,5.566735236815344,5.932656423435543,3.2042415367841537,10.674951171321029,5.555920347759214
MMM,32,2.0% Ramsey,5.037627518421573,3.7338741427910875,6.612031793706873,5.0061305999921295,4.916712840817803,3.6211237213267125,6.503553164231829,4.883511125387275
MMM,32,2.5% Ramsey,4.6771598456961945,3.372739555295108,6.288587722307629,4.648964529959452,4.477224013981761,3.1612314683161076,6.12994695197928,4.447615567276809
MMM,32,3.0% CDR,5.1073768147397,3.065135033980019,8.417727743739752,4.876010918341851,4.994099589196957,2.783413036775505,8.7441805523963545,4.711093347059253
MMM,32,3.0% Ramsey,4.37668125001146,3.0727810909782542,6.043695598740315,4.344945341772725,4.114511037878642,2.7940803782816372,5.821857143797867,4.07794035553941
