Model,LocID,discount.rate,mean_npd,npd_2.5,npd_97.5,median,mean_npd_wlag,npd_2.5_wlag,npd_97.5_wlag,median_wlag
MMM,716,1.5% Ramsey,0.1502247171539608,0.0970311656053019,0.21888817557965698,0.14797865241629407,0.14957284492907225,0.09663750402029926,0.21800803897199,0.14733943424592139
MMM,716,2.0% CDR,0.19530296392301033,0.0856422705272154,0.42895398659769796,0.17780902489384895,0.2034008500424517,0.07860754675327362,0.46824379405113226,0.18350378733515338
MMM,716,2.0% Ramsey,0.13277651743778301,0.08204882429635328,0.19750453499894965,0.13098421647291258,0.12887646002506753,0.07869468231960433,0.19296841124112096,0.12712270894050715
MMM,716,2.5% Ramsey,0.12041226558485775,0.07061540695972249,0.18497554325842838,0.11860582352260973,0.11436617268619437,0.06534134650431572,0.17986683499024358,0.11222721721126291
MMM,716,3.0% CDR,0.16274747495768574,0.07568163478400794,0.3485033479799654,0.14898287720291895,0.1638664013239179,0.06741704534679231,0.3735905899568507,0.14904501462426956
MMM,716,3.0% Ramsey,0.11084300622907439,0.062462523221105556,0.17723078047975369,0.10846085791468005,0.10324454290046688,0.055682446959248726,0.17126990852136328,0.10015761620123692
