Model,LocID,discount.rate,mean_npd,npd_2.5,npd_97.5,median,mean_npd_wlag,npd_2.5_wlag,npd_97.5_wlag,median_wlag
MMM,28,1.5% Ramsey,0.010953841810970482,0.009061773209525106,0.013137821866709457,0.010904962271446883,0.010924403348737993,0.009043865815051984,0.013097702975864114,0.010875426540113673
MMM,28,2.0% CDR,0.010847786341487269,0.007362678840807155,0.01641231485068182,0.010436598532425272,0.010815690696674029,0.006806883047382931,0.017499835338808594,0.010292654604818246
MMM,28,2.0% Ramsey,0.0100735980891932,0.00819896687468864,0.012263320403274639,0.010011544503540751,0.009853685433279614,0.00794955854893347,0.012082987392123153,0.009786866607645077
MMM,28,2.5% Ramsey,0.00934290676045405,0.0073971911164636035,0.011751694432624452,0.009263938735386713,0.008975549222125042,0.00699219103398303,0.011484887559467515,0.008886934415610705
MMM,28,3.0% CDR,0.00939283877562511,0.006567676475310354,0.013755743474855985,0.009076547268603522,0.009047965075846456,0.005908362289925326,0.014105660106102438,0.008672000891523856
MMM,28,3.0% Ramsey,0.008717825616812313,0.006765185760426814,0.011268439749782531,0.008614673126310372,0.008232559104452239,0.006213800048191462,0.010979184409080626,0.008109068575131488
