Model,LocID,discount.rate,mean_npd,npd_2.5,npd_97.5,median,mean_npd_wlag,npd_2.5_wlag,npd_97.5_wlag,median_wlag
MMM,788,1.5% Ramsey,1.1459296264030772,0.8569093205718922,1.4991342128168725,1.1350429471719434,1.1427413692112813,0.854153928227902,1.49406472094395,1.132025782532292
MMM,788,2.0% CDR,1.2101654178803314,0.7182272098988371,2.1056534641586726,1.1388428504948944,1.2247870097356357,0.6698851684536875,2.2838429365242123,1.133396743835323
MMM,788,2.0% Ramsey,1.0473783211162317,0.7596315369317077,1.3899524905685605,1.036478618875408,1.022350693649645,0.7333795069621282,1.36875907289514,1.0109316481332122
MMM,788,2.5% Ramsey,0.9690790034182517,0.6743567301456458,1.3222270859335197,0.9554007626069866,0.9278867763560837,0.6315216950284185,1.2820181295672262,0.9147943440487409
MMM,788,3.0% CDR,1.0425788881963867,0.6413592520799618,1.7511415901580802,0.9885369701385798,1.0190040290534588,0.5786332228207122,1.8409434263341211,0.9521337937906065
MMM,788,3.0% Ramsey,0.903768029317083,0.6092943319567449,1.2642791311296446,0.8901904129548448,0.849982921805669,0.5549151258321554,1.2120056032213011,0.8353349161485457
