Model,LocID,discount.rate,mean_npd,npd_2.5,npd_97.5,median,mean_npd_wlag,npd_2.5_wlag,npd_97.5_wlag,median_wlag
MMM,208,1.5% Ramsey,6.015988499589675,4.722179112212391,7.652723641136769,5.98569971353038,6.005647901826595,4.710785300574938,7.640310792621902,5.974399287295098
MMM,208,2.0% CDR,5.916215979369956,4.0479257033553155,8.77411776418273,5.666005325357011,5.8873441167071094,3.738340328305014,9.281464862180442,5.567439174716821
MMM,208,2.0% Ramsey,5.63513195519013,4.323848636890144,7.14977033797772,5.610678336373134,5.522010415537241,4.192580838349057,7.029452860086177,5.494708407731672
MMM,208,2.5% Ramsey,5.30874933130415,3.974173520246289,6.839701483108779,5.272637204621841,5.112566886838173,3.730256128191034,6.654053902760751,5.073872120761836
MMM,208,3.0% CDR,5.263655960160643,3.6733787600360106,7.641256890108545,5.062972157803133,5.060429854853684,3.3001299319526898,7.75027490083952,4.811571264060092
MMM,208,3.0% Ramsey,5.021775623006827,3.6669241531227894,6.574219668153835,4.981275340215133,4.756566644365783,3.3441721227617127,6.354087301002989,4.711470638746683
