Model,LocID,discount.rate,mean_npd,npd_2.5,npd_97.5,median,mean_npd_wlag,npd_2.5_wlag,npd_97.5_wlag,median_wlag
MMM,682,1.5% Ramsey,16.691056213653898,9.461082955076598,26.173720156627184,16.172765947687687,16.64272604093113,9.434668378045025,26.087036357899592,16.125145626698696
MMM,682,2.0% CDR,17.17721229905722,5.96564388319703,39.70449774217175,14.818500488804464,17.22799033011452,5.163159962903069,42.36570534196397,14.55793731059109
MMM,682,2.0% Ramsey,15.418177687418956,8.288741997811321,25.33340997024287,15.04235412731921,15.14448209638672,8.073943490512358,25.129302408255324,14.74867644420253
MMM,682,2.5% Ramsey,14.399209811428237,7.240449466533184,25.232546346430606,13.898736014039782,13.95607243993061,6.810071055391212,25.20799328473774,13.391125619009232
MMM,682,3.0% CDR,14.332027473259958,5.2683413012052,32.35055439773109,12.57332335754755,13.897815886718526,4.377142725813795,33.19768814113348,11.931363240425533
MMM,682,3.0% Ramsey,13.532396349944309,6.345386732265972,25.41535015957138,12.801778359036021,12.953978070272488,5.757841231511071,25.409390717146046,12.137081443707446
