Model,LocID,discount.rate,mean_npd,npd_2.5,npd_97.5,median,mean_npd_wlag,npd_2.5_wlag,npd_97.5_wlag,median_wlag
MMM,417,1.5% Ramsey,0.17216539139674764,0.12771738947958736,0.23177168553664734,0.17044922326611012,0.17146294339623047,0.12720838749132948,0.23072275726161015,0.16978272268898362
MMM,417,2.0% CDR,0.1999153260546138,0.10833854279665474,0.37476020423598516,0.18494392917090263,0.20498315075736034,0.10215361418627272,0.409876665540811,0.18730229882503363
MMM,417,2.0% Ramsey,0.15311600216249643,0.11137804724116315,0.20656565695212548,0.1510257792170473,0.1489012462777037,0.10738156250550804,0.2022043514377212,0.1467530416067226
MMM,417,2.5% Ramsey,0.13889981497273957,0.09689888244928924,0.19175080544018003,0.136002058801688,0.13227894742870322,0.09052085685863626,0.18569923948041636,0.12909878041767053
MMM,417,3.0% CDR,0.16708096550875162,0.09448379380111506,0.3024585185928815,0.1554801753795852,0.1654952322121429,0.08615484800584063,0.3168876996521804,0.15207179647876515
MMM,417,3.0% Ramsey,0.12755699789052435,0.08578237625573075,0.18059004300154421,0.12393473674575689,0.11917048880737018,0.07781342968761032,0.17350526751927164,0.11548733950252923
